Name,Anrede,Wahlkreis,Email,Partei,WahlkreisNummer,Title,FirstName,LastName,Bundesland
Sanae Abdi,Frau,92 - Köln I,sanae.abdi@bundestag.de,SPD,92,,Sanae,Abdi,Nordrhein-Westfalen
Knut Abraham,Herr,65 - Elbe-Elster – Oberspreewald-Lausitz,knut.abraham@bundestag.de,CDU,65,,Knut,Abraham,Brandenburg
Doris Achelwilm,Frau,54 - Bremen I,doris.achelwilm@bundestag.de,DIE LINKE,54,,Doris,Achelwilm,Bremen
Anna Aeikens,Frau,67 - Börde – Salzlandkreis,anna.aeikens@bundestag.de,CDU,67,,Anna,Aeikens,Sachsen-Anhalt
Adis Ahmetović,Herr,41 - Stadt Hannover I,adis.ahmetovic@bundestag.de,SPD,41,,Adis,Ahmetović,Niedersachsen
Gökay Akbulut,Frau,275 - Mannheim,goekay.akbulut@bundestag.de,DIE LINKE,275,,Gökay,Akbulut,Baden-Württemberg
Jan van Aken,Herr,,jan.aken@bundestag.de,DIE LINKE,,,Jan van,Aken,Hamburg
Tarek Al-Wazir,Herr,184 - Offenbach,tarek.al-wazir@bundestag.de,GRÜNE,184,,Tarek,Al-Wazir,Hessen
Reem Alabali-Radovan,Frau,12 - Schwerin – Ludwigslust-Parchim I – Nordwestmecklenburg I,reem.alabali-radovan@bundestag.de,SPD,12,,Reem,Alabali-Radovan,Mecklenburg-Vorpommern
Stephan Albani,Herr,27 - Oldenburg – Ammerland,stephan.albani@bundestag.de,CDU,27,,Stephan,Albani,Niedersachsen
Dr. Alaa Alhamwi,Herr,27 - Oldenburg – Ammerland,alaa.alhamwi@bundestag.de,GRÜNE,27,Dr.,Alaa,Alhamwi,Niedersachsen
Norbert Maria Altenkamp,Herr,180 - Main-Taunus,norbert.altenkamp@bundestag.de,CDU,180,,Norbert Maria,Altenkamp,Hessen
Philipp Amthor,Herr,16 - Mecklenburgische Seenplatte I – Vorpommern-Greifswald II,philipp.amthor@bundestag.de,CDU,16,,Philipp,Amthor,Mecklenburg-Vorpommern
Luise Amtsberg,Frau,5 - Kiel,luise.amtsberg@bundestag.de,GRÜNE,5,,Luise,Amtsberg,Schleswig-Holstein
Dr. Michael Arndt,Herr,299 - Homburg,michael.arndt@bundestag.de,DIE LINKE,299,Dr.,Michael,Arndt,Saarland
Ayse Asar,Frau,177 - Rheingau-Taunus – Limburg,ayse.asar@bundestag.de,GRÜNE,177,,Ayse,Asar,Hessen
Dr. Reza Asghari,Herr,49 - Salzgitter – Wolfenbüttel,reza.asghari@bundestag.de,CDU,49,Dr.,Reza,Asghari,Niedersachsen
Tijen Ataoğlu,Frau,137 - Hagen – Ennepe-Ruhr-Kreis I,tijen.ataoglu@bundestag.de,CDU,137,,Tijen,Ataoğlu,Nordrhein-Westfalen
Andreas Audretsch,Herr,81 - Berlin-Neukölln,andreas.audretsch@bundestag.de,GRÜNE,81,,Andreas,Audretsch,Berlin
Artur Auernhammer,Herr,240 - Ansbach,artur.auernhammer@bundestag.de,CSU,240,,Artur,Auernhammer,Bayern
Peter Aumer,Herr,232 - Regensburg,peter.aumer@bundestag.de,CSU,232,,Peter,Aumer,Bayern
Dr. Cornell-Anette Babendererde,Frau,36 - Harburg,cornell-anette.babendererde@bundestag.de,CDU,36,Dr.,Cornell-Anette,Babendererde,Niedersachsen
Lisa Badum,Frau,235 - Bamberg,lisa.badum@bundestag.de,GRÜNE,235,,Lisa,Badum,Bayern
Annalena Baerbock,Frau,61 - Potsdam – Potsdam-Mittelmark II – Teltow-Fläming II,annalena.baerbock@bundestag.de,GRÜNE,61,,Annalena,Baerbock,Brandenburg
Daniel Baldy,Herr,204 - Mainz,daniel.baldy@bundestag.de,SPD,204,,Daniel,Baldy,Rheinland-Pfalz
Felix Banaszak,Herr,115 - Duisburg II,felix.banaszak@bundestag.de,GRÜNE,115,,Felix,Banaszak,Nordrhein-Westfalen
Thomas Bareiß,Herr,295 - Zollernalb – Sigmaringen,thomas.bareiss@bundestag.de,CDU,295,,Thomas,Bareiß,Baden-Württemberg
Sören Bartol,Herr,170 - Marburg,soeren.bartol@bundestag.de,SPD,170,,Sören,Bartol,Hessen
Dr. Dietmar Bartsch,Herr,14 - Rostock – Landkreis Rostock II,dietmar.bartsch@bundestag.de,DIE LINKE,14,Dr.,Dietmar,Bartsch,Mecklenburg-Vorpommern
Bärbel Bas,Frau,114 - Duisburg I,baerbel.bas@bundestag.de,SPD,114,,Bärbel,Bas,Nordrhein-Westfalen
Marcel Bauer,Herr,271 - Karlsruhe-Stadt,marcel.bauer@bundestag.de,DIE LINKE,271,,Marcel,Bauer,Baden-Württemberg
Günter Baumgartner,Herr,229 - Rottal-Inn,guenter.baumgartner@bundestag.de,CSU,229,,Günter,Baumgartner,Bayern
Katharina Beck,Frau,21 - Hamburg-Nord,katharina.beck@bundestag.de,GRÜNE,21,,Katharina,Beck,Hamburg
Desiree Becker,Frau,172 - Gießen,desiree.becker@bundestag.de,DIE LINKE,172,,Desiree,Becker,Hessen
Sascha van Beek,Herr,112 - Wesel I,sascha.beek@bundestag.de,CDU,112,,Sascha van,Beek,Nordrhein-Westfalen
Jens Behrens,Herr,145 - Soest,jens.behrens@bundestag.de,SPD,145,,Jens,Behrens,Nordrhein-Westfalen
Lukas Benner,Herr,86 - Aachen I,lukas.benner@bundestag.de,GRÜNE,86,,Lukas,Benner,Nordrhein-Westfalen
Melanie Bernstein,Frau,8 - Segeberg – Stormarn-Mitte,melanie.bernstein@bundestag.de,CDU,8,,Melanie,Bernstein,Schleswig-Holstein
Daniel Bettermann,Herr,167 - Kassel,daniel.bettermann@bundestag.de,SPD,167,,Daniel,Bettermann,Hessen
Lorenz Gösta Beutin,Herr,1 - Flensburg – Schleswig,lorenz.beutin@bundestag.de,DIE LINKE,1,,Lorenz Gösta,Beutin,Schleswig-Holstein
Peter Beyer,Herr,104 - Mettmann II,peter.beyer@bundestag.de,CDU,104,,Peter,Beyer,Nordrhein-Westfalen
Marc Biadacz,Herr,260 - Böblingen,marc.biadacz@bundestag.de,CDU,260,,Marc,Biadacz,Baden-Württemberg
Steffen Bilger,Herr,265 - Ludwigsburg,steffen.bilger@bundestag.de,CDU,265,,Steffen,Bilger,Baden-Württemberg
Florian Bilic,Herr,209 - Pirmasens,florian.bilic@bundestag.de,CDU,209,,Florian,Bilic,Rheinland-Pfalz
Jakob Blankenburg,Herr,37 - Lüchow-Dannenberg – Lüneburg,jakob.blankenburg@bundestag.de,SPD,37,,Jakob,Blankenburg,Niedersachsen
Violetta Bock,Frau,167 - Kassel,violetta.bock@bundestag.de,DIE LINKE,167,,Violetta,Bock,Hessen
Leif Erik Bodin,Herr,2 - Nordfriesland – Dithmarschen Nord,leif.bodin@bundestag.de,CDU,2,,Leif Erik,Bodin,Schleswig-Holstein
Hendrik Bollmann,Herr,140 - Herne – Bochum II,hendrik.bollmann@bundestag.de,SPD,140,,Hendrik,Bollmann,Nordrhein-Westfalen
Simone Borchardt,Frau,13 - Ludwigslust-Parchim II–Nordwestmecklenbg II–Landkr. RostockI,simone.borchardt@bundestag.de,CDU,13,,Simone,Borchardt,Mecklenburg-Vorpommern
Caroline Bosbach,Frau,99 - Rheinisch-Bergischer Kreis,caroline.bosbach@bundestag.de,CDU,99,,Caroline,Bosbach,Nordrhein-Westfalen
Jorrit Bosch,Herr,,jorrit.bosch@bundestag.de,DIE LINKE,,,Jorrit,Bosch,Niedersachsen
Frederik Bouffier,Herr,172 - Gießen,frederik.bouffier@bundestag.de,CDU,172,,Frederik,Bouffier,Hessen
Michael Brand,Herr,173 - Fulda,michael.brand@bundestag.de,CDU,173,,Michael,Brand,Hessen
Dr. Reinhard Brandl,Herr,215 - Ingolstadt,reinhard.brandl@bundestag.de,CSU,215,Dr.,Reinhard,Brandl,Bayern
Dr. Franziska Brantner,Frau,274 - Heidelberg,franziska.brantner@bundestag.de,GRÜNE,274,Dr.,Franziska,Brantner,Baden-Württemberg
Silvia Breher,Frau,32 - Cloppenburg – Vechta,silvia.breher@bundestag.de,CDU,32,,Silvia,Breher,Niedersachsen
Michael Breilmann,Herr,120 - Recklinghausen I,michael.breilmann@bundestag.de,CDU,120,,Michael,Breilmann,Nordrhein-Westfalen
Anne-Mieke Bremer,Frau,40 - Nienburg II – Schaumburg,anne-mieke.bremer@bundestag.de,DIE LINKE,40,,Anne-Mieke,Bremer,Niedersachsen
Ralph Brinkhaus,Herr,130 - Gütersloh I,ralph.brinkhaus@bundestag.de,CDU,130,,Ralph,Brinkhaus,Nordrhein-Westfalen
Lutz Brinkmann,Herr,38 - Osnabrück-Land,lutz.brinkmann@bundestag.de,CDU,38,,Lutz,Brinkmann,Niedersachsen
Dr. Carsten Brodesser,Herr,98 - Oberbergischer Kreis,carsten.brodesser@bundestag.de,CDU,98,Dr.,Carsten,Brodesser,Nordrhein-Westfalen
Victoria Broßart,Frau,221 - Rosenheim,victoria.brossart@bundestag.de,GRÜNE,221,,Victoria,Broßart,Bayern
Dr. Marlon Bröhr,Herr,199 - Mosel/Rhein-Hunsrück,marlon.broehr@bundestag.de,CDU,199,Dr.,Marlon,Bröhr,Rheinland-Pfalz
Maik Brückner,Herr,48 - Hildesheim,maik.brueckner@bundestag.de,DIE LINKE,48,,Maik,Brückner,Niedersachsen
Dr. Yannick Bury,Herr,283 - Emmendingen – Lahr,yannick.bury@bundestag.de,CDU,283,Dr.,Yannick,Bury,Baden-Württemberg
Karl Bär,Herr,222 - Bad Tölz-Wolfratshausen – Miesbach,karl.baer@bundestag.de,GRÜNE,222,,Karl,Bär,Bayern
Janina Böttger,Frau,71 - Halle,janina.boettger@bundestag.de,DIE LINKE,71,,Janina,Böttger,Sachsen-Anhalt
Benedikt Büdenbender,Herr,147 - Siegen-Wittgenstein,benedikt.buedenbender@bundestag.de,CDU,147,,Benedikt,Büdenbender,Nordrhein-Westfalen
Clara Bünger,Frau,159 - Dresden II – Bautzen II,clara.buenger@bundestag.de,DIE LINKE,159,,Clara,Bünger,Sachsen
Isabel Cademartori Dujisin,Frau,275 - Mannheim,isabel.cademartoridujisin@bundestag.de,SPD,275,,Isabel,Cademartori Dujisin,Baden-Württemberg
Sandra Carstensen,Frau,6 - Plön – Neumünster,sandra.carstensen@bundestag.de,CDU,6,,Sandra,Carstensen,Schleswig-Holstein
Dr. Lars Castellucci,Herr,277 - Rhein-Neckar,lars.castellucci@bundestag.de,SPD,277,Dr.,Lars,Castellucci,Baden-Württemberg
Jörg Cezanne,Herr,183 - Groß-Gerau,joerg.cezanne@bundestag.de,DIE LINKE,183,,Jörg,Cezanne,Hessen
Gitta Connemann,Frau,25 - Unterems,gitta.connemann@bundestag.de,CDU,25,,Gitta,Connemann,Niedersachsen
Agnes Conrad,Frau,249 - Schweinfurt,agnes.conrad@bundestag.de,DIE LINKE,249,,Agnes,Conrad,Bayern
Jürgen Coße,Herr,127 - Steinfurt III,juergen.cosse@bundestag.de,SPD,127,,Jürgen,Coße,Nordrhein-Westfalen
Wolfgang Dahler,Herr,292 - Biberach,wolfgang.dahler@bundestag.de,CDU,292,,Wolfgang,Dahler,Baden-Württemberg
Dr. Janosch Dahmen,Herr,138 - Ennepe-Ruhr-Kreis II,janosch.dahmen@bundestag.de,GRÜNE,138,Dr.,Janosch,Dahmen,Nordrhein-Westfalen
Hakan Demir,Herr,81 - Berlin-Neukölln,hakan.demir@bundestag.de,SPD,81,,Hakan,Demir,Berlin
Ellen Demuth,Frau,196 - Neuwied,ellen.demuth@bundestag.de,CDU,196,,Ellen,Demuth,Rheinland-Pfalz
Dr. Sandra Detzer,Frau,265 - Ludwigsburg,sandra.detzer@bundestag.de,GRÜNE,265,Dr.,Sandra,Detzer,Baden-Württemberg
Jan Dieren,Herr,113 - Krefeld II – Wesel II,jan.dieren@bundestag.de,SPD,113,,Jan,Dieren,Nordrhein-Westfalen
Esther Dilcher,Frau,166 - Waldeck,esther.dilcher@bundestag.de,SPD,166,,Esther,Dilcher,Hessen
Jeanne Dillschneider,Frau,296 - Saarbrücken,jeanne.dillschneider@bundestag.de,GRÜNE,296,,Jeanne,Dillschneider,Saarland
Sabine Dittmar,Frau,247 - Bad Kissingen,sabine.dittmar@bundestag.de,SPD,247,,Sabine,Dittmar,Bayern
Alexander Dobrindt,Herr,225 - Weilheim,alexander.dobrindt@bundestag.de,CSU,225,,Alexander,Dobrindt,Bayern
Michael Donth,Herr,289 - Reutlingen,michael.donth@bundestag.de,CDU,289,,Michael,Donth,Baden-Württemberg
Dr. Florian Dorn,Herr,255 - Memmingen – Unterallgäu,florian.dorn@bundestag.de,CSU,255,Dr.,Florian,Dorn,Bayern
Falko Droßmann,Herr,18 - Hamburg-Mitte,falko.drossmann@bundestag.de,SPD,18,,Falko,Droßmann,Hamburg
Katharina Dröge,Frau,94 - Köln III,katharina.droege@bundestag.de,GRÜNE,94,,Katharina,Dröge,Nordrhein-Westfalen
Hansjörg Durz,Herr,252 - Augsburg-Land,hansjoerg.durz@bundestag.de,CSU,252,,Hansjörg,Durz,Bayern
Timon Dzienus,Herr,41 - Stadt Hannover I,timon.dzienus@bundestag.de,GRÜNE,41,,Timon,Dzienus,Niedersachsen
Felix Döring,Herr,172 - Gießen,felix.doering@bundestag.de,SPD,172,,Felix,Döring,Hessen
Dr. Hülya Düber,Frau,250 - Würzburg,huelya.dueber@bundestag.de,CSU,250,Dr.,Hülya,Düber,Bayern
Deborah Düring,Frau,181 - Frankfurt am Main I,deborah.duering@bundestag.de,GRÜNE,181,,Deborah,Düring,Hessen
Joachim Ebmeyer,Herr,132 - Herford – Minden-Lübbecke II,joachim.ebmeyer@bundestag.de,CDU,132,,Joachim,Ebmeyer,Nordrhein-Westfalen
Harald Ebner,Herr,268 - Schwäbisch Hall – Hohenlohe,harald.ebner@bundestag.de,GRÜNE,268,,Harald,Ebner,Baden-Württemberg
Leon Eckert,Herr,213 - Freising,leon.eckert@bundestag.de,GRÜNE,213,,Leon,Eckert,Bayern
Ralph Edelhäußer,Herr,245 - Roth,ralph.edelhaeusser@bundestag.de,CSU,245,,Ralph,Edelhäußer,Bayern
Mirze Edis,Herr,114 - Duisburg I,mirze.edis@bundestag.de,DIE LINKE,114,,Mirze,Edis,Nordrhein-Westfalen
Lars Ehm,Herr,121 - Recklinghausen II,lars.ehm@bundestag.de,CDU,121,,Lars,Ehm,Nordrhein-Westfalen
Sonja Eichwede,Frau,60 - BRB a.d.Havel– Potsdam-MittelmarkI –HVL III–Teltow-Fläming I,sonja.eichwede@bundestag.de,SPD,60,,Sonja,Eichwede,Brandenburg
Mandy Eißing,Frau,194 - Saalfeld-Rudolstadt – Saale-Holzland-Kreis – Saale-Orla-Kreis,mandy.eissing@bundestag.de,DIE LINKE,194,,Mandy,Eißing,Thüringen
Marcel Emmerich,Herr,291 - Ulm,marcel.emmerich@bundestag.de,GRÜNE,291,,Marcel,Emmerich,Baden-Württemberg
Alexander Engelhard,Herr,254 - Neu-Ulm,alexander.engelhard@bundestag.de,CSU,254,,Alexander,Engelhard,Bayern
Martina Englhardt-Kopf,Frau,233 - Schwandorf,martina.englhardt-kopf@bundestag.de,CSU,233,,Martina,Englhardt-Kopf,Bayern
Thomas Erndl,Herr,226 - Deggendorf,thomas.erndl@bundestag.de,CSU,226,,Thomas,Erndl,Bayern
Bastian Ernst,Herr,28 - Delmenhorst – Wesermarsch – Oldenburg-Land,bastian.ernst@bundestag.de,CDU,28,,Bastian,Ernst,Niedersachsen
Dr. Wiebke Esdar,Frau,131 - Bielefeld – Gütersloh II,wiebke.esdar@bundestag.de,SPD,131,Dr.,Wiebke,Esdar,Nordrhein-Westfalen
Saskia Esken,Frau,280 - Calw,saskia.esken@bundestag.de,SPD,280,,Saskia,Esken,Baden-Württemberg
Nancy Faeser,Frau,180 - Main-Taunus,nancy.faeser@bundestag.de,SPD,180,,Nancy,Faeser,Hessen
Dr. Fabian Fahl,Herr,86 - Aachen I,fabian.fahl@bundestag.de,DIE LINKE,86,Dr.,Fabian,Fahl,Nordrhein-Westfalen
Dr. Johannes Fechner,Herr,283 - Emmendingen – Lahr,johannes.fechner@bundestag.de,SPD,283,Dr.,Johannes,Fechner,Baden-Württemberg
Uwe Feiler,Herr,58 - Oberhavel – Havelland II,uwe.feiler@bundestag.de,CDU,58,,Uwe,Feiler,Brandenburg
Katrin Fey,Frau,147 - Siegen-Wittgenstein,katrin.fey@bundestag.de,DIE LINKE,147,,Katrin,Fey,Nordrhein-Westfalen
Sebastian Fiedler,Herr,117 - Mülheim – Essen I,sebastian.fiedler@bundestag.de,SPD,117,,Sebastian,Fiedler,Nordrhein-Westfalen
Simone Fischer,Frau,258 - Stuttgart I,simone.fischer@bundestag.de,GRÜNE,258,,Simone,Fischer,Baden-Württemberg
Uwe Foullong,Herr,124 - Bottrop – Recklinghausen III,uwe.foullong@bundestag.de,DIE LINKE,124,,Uwe,Foullong,Nordrhein-Westfalen
Christoph Frauenpreiß,Herr,29 - Cuxhaven – Stade II,christoph.frauenpreiss@bundestag.de,CDU,29,,Christoph,Frauenpreiß,Niedersachsen
Thorsten Frei,Herr,286 - Schwarzwald-Baar,thorsten.frei@bundestag.de,CDU,286,,Thorsten,Frei,Baden-Württemberg
Michael Frieser,Herr,244 - Nürnberg-Süd,michael.frieser@bundestag.de,CSU,244,,Michael,Frieser,Bayern
Hermann Färber,Herr,263 - Göppingen,hermann.faerber@bundestag.de,CDU,263,,Hermann,Färber,Baden-Württemberg
Schahina Gambir,Frau,133 - Minden-Lübbecke I,schahina.gambir@bundestag.de,GRÜNE,133,,Schahina,Gambir,Nordrhein-Westfalen
Matthias Gastel,Herr,262 - Nürtingen,matthias.gastel@bundestag.de,GRÜNE,262,,Matthias,Gastel,Baden-Württemberg
Kathrin Gebel,Frau,128 - Münster,kathrin.gebel@bundestag.de,DIE LINKE,128,,Kathrin,Gebel,Nordrhein-Westfalen
Wilhelm Gebhard,Herr,168 - Werra-Meißner – Hersfeld-Rotenburg,wilhelm.gebhard@bundestag.de,CDU,168,,Wilhelm,Gebhard,Hessen
Dr. Thomas Gebhart,Herr,210 - Südpfalz,thomas.gebhart@bundestag.de,CDU,210,Dr.,Thomas,Gebhart,Rheinland-Pfalz
Dr. Jonas Geissler,Herr,237 - Coburg,jonas.geissler@bundestag.de,CSU,237,Dr.,Jonas,Geissler,Bayern
Katalin Gennburg,Frau,84 - Berlin-Marzahn-Hellersdorf,katalin.gennburg@bundestag.de,DIE LINKE,84,,Katalin,Gennburg,Berlin
Martin Gerster,Herr,292 - Biberach,martin.gerster@bundestag.de,SPD,292,,Martin,Gerster,Baden-Württemberg
Dr. Jan-Niclas Gesenhues,Herr,127 - Steinfurt III,jan-niclas.gesenhues@bundestag.de,GRÜNE,127,Dr.,Jan-Niclas,Gesenhues,Nordrhein-Westfalen
Stefan Glaser,Herr,282 - Lörrach – Müllheim,stefan.glaser@bundestag.de,CDU,282,,Stefan,Glaser,Baden-Württemberg
Vinzenz Glaser,Herr,281 - Freiburg,vinzenz.glaser@bundestag.de,DIE LINKE,281,,Vinzenz,Glaser,Baden-Württemberg
Angelika Glöckner,Frau,209 - Pirmasens,angelika.gloeckner@bundestag.de,SPD,209,,Angelika,Glöckner,Rheinland-Pfalz
Nicole Gohlke,Frau,219 - München-West/Mitte,nicole.gohlke@bundestag.de,DIE LINKE,219,,Nicole,Gohlke,Bayern
Fabian Gramling,Herr,266 - Neckar-Zaber,fabian.gramling@bundestag.de,CDU,266,,Fabian,Gramling,Baden-Württemberg
Adrian Grasse,Herr,78 - Berlin-Steglitz-Zehlendorf,adrian.grasse@bundestag.de,CDU,78,,Adrian,Grasse,Berlin
Dr. Armin Grau,Herr,206 - Ludwigshafen/Frankenthal,armin.grau@bundestag.de,GRÜNE,206,Dr.,Armin,Grau,Rheinland-Pfalz
David Gregosz,Herr,188 - Eichsfeld – Nordhausen – Kyffhäuserkreis,david.gregosz@bundestag.de,CDU,188,,David,Gregosz,Thüringen
Kerstin Griese,Frau,104 - Mettmann II,kerstin.griese@bundestag.de,SPD,104,,Kerstin,Griese,Nordrhein-Westfalen
Dr. Ingeborg Gräßle,Frau,269 - Backnang – Schwäbisch Gmünd,ingeborg.graessle@bundestag.de,CDU,269,Dr.,Ingeborg,Gräßle,Baden-Württemberg
Dr. Lena Gumnior,Frau,34 - Osterholz – Verden,lena.gumnior@bundestag.de,GRÜNE,34,Dr.,Lena,Gumnior,Niedersachsen
Olav Gutting,Herr,278 - Bruchsal – Schwetzingen,olav.gutting@bundestag.de,CDU,278,,Olav,Gutting,Baden-Württemberg
Dr. Gregor Gysi,Herr,83 - Berlin-Treptow-Köpenick,gregor.gysi@bundestag.de,DIE LINKE,83,Dr.,Gregor,Gysi,Berlin
Katrin Dagmar Göring-Eckardt,Frau,192 - Erfurt – Weimar – Weimarer Land II,katrin.goering-eckardt@bundestag.de,GRÜNE,192,,Katrin Dagmar,Göring-Eckardt,Thüringen
Christian Görke,Herr,64 - Cottbus – Spree-Neiße,christian.goerke@bundestag.de,DIE LINKE,64,,Christian,Görke,Brandenburg
Serap Güler,Frau,92 - Köln I,serap.gueler@bundestag.de,CDU,92,,Serap,Güler,Nordrhein-Westfalen
Georg Günther,Herr,15 - Vorpommern-Rügen – Vorpommern-Greifswald I,georg.guenther@bundestag.de,CDU,15,,Georg,Günther,Mecklenburg-Vorpommern
Fritz Güntzler,Herr,53 - Göttingen I,fritz.guentzler@bundestag.de,CDU,53,,Fritz,Güntzler,Niedersachsen
Ates Gürpinar,Herr,221 - Rosenheim,ates.guerpinar@bundestag.de,DIE LINKE,221,,Ates,Gürpinar,Bayern
Christian Haase,Herr,135 - Höxter – Gütersloh III – Lippe II,christian.haase@bundestag.de,CDU,135,,Christian,Haase,Nordrhein-Westfalen
Dr. Robert Habeck,Herr,1 - Flensburg – Schleswig,robert.habeck@bundestag.de,GRÜNE,1,Dr.,Robert,Habeck,Schleswig-Holstein
Bettina Hagedorn,Frau,9 - Ostholstein – Stormarn-Nord,bettina.hagedorn@bundestag.de,SPD,9,,Bettina,Hagedorn,Schleswig-Holstein
Florian Hahn,Herr,220 - München-Land,florian.hahn@bundestag.de,CSU,220,,Florian,Hahn,Bayern
Heiko Hain,Herr,238 - Hof,heiko.hain@bundestag.de,CSU,238,,Heiko,Hain,Bayern
Metin Hakverdi,Herr,23 - Hamburg-Bergedorf – Harburg,metin.hakverdi@bundestag.de,SPD,23,,Metin,Hakverdi,Hamburg
Jürgen Hardt,Herr,102 - Solingen – Remscheid – Wuppertal II,juergen.hardt@bundestag.de,CDU,102,,Jürgen,Hardt,Nordrhein-Westfalen
Sebastian Hartmann,Herr,96 - Rhein-Sieg-Kreis I,sebastian.hartmann@bundestag.de,SPD,96,,Sebastian,Hartmann,Nordrhein-Westfalen
Matthias Hauer,Herr,119 - Essen III,matthias.hauer@bundestag.de,CDU,119,,Matthias,Hauer,Nordrhein-Westfalen
Britta Haßelmann,Frau,131 - Bielefeld – Gütersloh II,britta.hasselmann@bundestag.de,GRÜNE,131,,Britta,Haßelmann,Nordrhein-Westfalen
Hubertus Heil,Herr,45 - Gifhorn – Peine,hubertus.heil@bundestag.de,SPD,45,,Hubertus,Heil,Niedersachsen
Mechthild Heil,Frau,197 - Ahrweiler,mechthild.heil@bundestag.de,CDU,197,,Mechthild,Heil,Rheinland-Pfalz
Frauke Heiligenstadt,Frau,52 - Goslar – Northeim – Göttingen II,frauke.heiligenstadt@bundestag.de,SPD,52,,Frauke,Heiligenstadt,Niedersachsen
Gabriela Heinrich,Frau,243 - Nürnberg-Nord,gabriela.heinrich@bundestag.de,SPD,243,,Gabriela,Heinrich,Bayern
Linda Heitmann,Frau,19 - Hamburg-Altona,linda.heitmann@bundestag.de,GRÜNE,19,,Linda,Heitmann,Hamburg
Mark Helfrich,Herr,3 - Steinburg – Dithmarschen Süd,mark.helfrich@bundestag.de,CDU,3,,Mark,Helfrich,Schleswig-Holstein
Marc Henrichmann,Herr,126 - Coesfeld – Steinfurt II,marc.henrichmann@bundestag.de,CDU,126,,Marc,Henrichmann,Nordrhein-Westfalen
Diana Herbstreuth,Frau,194 - Saalfeld-Rudolstadt – Saale-Holzland-Kreis – Saale-Orla-Kreis,diana.herbstreuth@bundestag.de,CDU,194,,Diana,Herbstreuth,Thüringen
Mareike Hermeier,Frau,123 - Steinfurt I – Borken I,mareike.hermeier@bundestag.de,DIE LINKE,123,,Mareike,Hermeier,Nordrhein-Westfalen
Nadine Heselhaus,Frau,125 - Borken II,nadine.heselhaus@bundestag.de,SPD,125,,Nadine,Heselhaus,Nordrhein-Westfalen
Heike Heubach,Frau,252 - Augsburg-Land,heike.heubach@bundestag.de,SPD,252,,Heike,Heubach,Bayern
Dr. Moritz Heuberger,Herr,80 - Berlin-Tempelhof-Schöneberg,moritz.heuberger@bundestag.de,GRÜNE,80,Dr.,Moritz,Heuberger,Berlin
Susanne Hierl,Frau,231 - Amberg,susanne.hierl@bundestag.de,CSU,231,,Susanne,Hierl,Bayern
Dr. Matthias Hiller,Herr,262 - Nürtingen,matthias.hiller@bundestag.de,CDU,262,Dr.,Matthias,Hiller,Baden-Württemberg
Christian Hirte,Herr,189 - Eisenach – Wartburgkreis – Unstrut-Hainich-Kreis,christian.hirte@bundestag.de,CDU,189,,Christian,Hirte,Thüringen
Alexander Hoffmann,Herr,248 - Main-Spessart,alexander.hoffmann@bundestag.de,CSU,248,,Alexander,Hoffmann,Bayern
Philip M. A. Hoffmann,Herr,297 - Saarlouis,philip.hoffmann@bundestag.de,CDU,297,,Philip M. A.,Hoffmann,Saarland
Dr. Anton Hofreiter,Herr,220 - München-Land,anton.hofreiter@bundestag.de,GRÜNE,220,Dr.,Anton,Hofreiter,Bayern
Dr. Hendrik Hoppenstedt,Herr,43 - Hannover-Land I,hendrik.hoppenstedt@bundestag.de,CDU,43,Dr.,Hendrik,Hoppenstedt,Niedersachsen
Franziska Hoppermann,Frau,22 - Hamburg-Wandsbek,franziska.hoppermann@bundestag.de,CDU,22,,Franziska,Hoppermann,Hamburg
Michael Hose,Herr,192 - Erfurt – Weimar – Weimarer Land II,michael.hose@bundestag.de,CDU,192,,Michael,Hose,Thüringen
Jasmina Hostert,Frau,260 - Böblingen,jasmina.hostert@bundestag.de,SPD,260,,Jasmina,Hostert,Baden-Württemberg
Luke Hoß,Herr,228 - Passau,luke.hoss@bundestag.de,DIE LINKE,228,,Luke,Hoß,Bayern
Verena Hubertz,Frau,202 - Trier,verena.hubertz@bundestag.de,SPD,202,,Verena,Hubertz,Rheinland-Pfalz
Cem Ince,Herr,49 - Salzgitter – Wolfenbüttel,cem.ince@bundestag.de,DIE LINKE,49,,Cem,Ince,Niedersachsen
Anne Janssen,Frau,26 - Friesland – Wilhelmshaven – Wittmund,anne.janssen@bundestag.de,CDU,26,,Anne,Janssen,Niedersachsen
Thomas Jarzombek,Herr,105 - Düsseldorf I,thomas.jarzombek@bundestag.de,CDU,105,,Thomas,Jarzombek,Nordrhein-Westfalen
Alexander Jordan,Herr,51 - Helmstedt – Wolfsburg,alexander.jordan@bundestag.de,CDU,51,,Alexander,Jordan,Niedersachsen
Julian Joswig,Herr,199 - Mosel/Rhein-Hunsrück,julian.joswig@bundestag.de,GRÜNE,199,,Julian,Joswig,Rheinland-Pfalz
Frank Junge,Herr,13 - Ludwigslust-Parchim II–Nordwestmecklenbg II–Landkr. RostockI,frank.junge@bundestag.de,SPD,13,,Frank,Junge,Mecklenburg-Vorpommern
Oliver Kaczmarek,Herr,143 - Unna I,oliver.kaczmarek@bundestag.de,SPD,143,,Oliver,Kaczmarek,Nordrhein-Westfalen
Lamya Kaddor,Frau,114 - Duisburg I,lamya.kaddor@bundestag.de,GRÜNE,114,,Lamya,Kaddor,Nordrhein-Westfalen
Elisabeth Kaiser,Frau,193 - Gera – Greiz – Altenburger Land,elisabeth.kaiser@bundestag.de,SPD,193,,Elisabeth,Kaiser,Thüringen
Maren Kaminski,Frau,42 - Stadt Hannover II,maren.kaminski@bundestag.de,DIE LINKE,42,,Maren,Kaminski,Niedersachsen
Nicklas Kappe,Herr,124 - Bottrop – Recklinghausen III,nicklas.kappe@bundestag.de,CDU,124,,Nicklas,Kappe,Nordrhein-Westfalen
Dr. Kirsten Kappert-Gonther,Frau,54 - Bremen I,kirsten.kappert-gonther@bundestag.de,GRÜNE,54,Dr.,Kirsten,Kappert-Gonther,Bremen
Macit Karaahmetoğlu,Herr,265 - Ludwigsburg,macit.karaahmetoglu@bundestag.de,SPD,265,,Macit,Karaahmetoğlu,Baden-Württemberg
Anja Karliczek,Frau,127 - Steinfurt III,anja.karliczek@bundestag.de,CDU,127,,Anja,Karliczek,Nordrhein-Westfalen
Michael Kellner,Herr,57 - Uckermark – Barnim I,michael.kellner@bundestag.de,GRÜNE,57,,Michael,Kellner,Brandenburg
Dr. Franziska Kersten,Frau,67 - Börde – Salzlandkreis,franziska.kersten@bundestag.de,SPD,67,Dr.,Franziska,Kersten,Sachsen-Anhalt
Misbah Khan,Frau,207 - Neustadt – Speyer,misbah.khan@bundestag.de,GRÜNE,207,,Misbah,Khan,Rheinland-Pfalz
Roderich Kiesewetter,Herr,270 - Aalen – Heidenheim,roderich.kiesewetter@bundestag.de,CDU,270,,Roderich,Kiesewetter,Baden-Württemberg
Michael Kießling,Herr,223 - Starnberg – Landsberg am Lech,michael.kiessling@bundestag.de,CSU,223,,Michael,Kießling,Bayern
Dr. Georg Kippels,Herr,90 - Rhein-Erft-Kreis I,georg.kippels@bundestag.de,CDU,90,Dr.,Georg,Kippels,Nordrhein-Westfalen
Helmut Kleebank,Herr,77 - Berlin-Spandau – Charlottenburg Nord,helmut.kleebank@bundestag.de,SPD,77,,Helmut,Kleebank,Berlin
Dr. Ottilie Klein,Frau,81 - Berlin-Neukölln,ottilie.klein@bundestag.de,CDU,81,Dr.,Ottilie,Klein,Berlin
Lars Klingbeil,Herr,35 - Rotenburg I – Heidekreis,lars.klingbeil@bundestag.de,SPD,35,,Lars,Klingbeil,Niedersachsen
Annika Klose,Frau,74 - Berlin-Mitte,annika.klose@bundestag.de,SPD,74,,Annika,Klose,Berlin
Julia Klöckner,Frau,200 - Kreuznach,julia.kloeckner@bundestag.de,CDU,200,,Julia,Klöckner,Rheinland-Pfalz
Tim Klüssendorf,Herr,11 - Lübeck,tim.kluessendorf@bundestag.de,SPD,11,,Tim,Klüssendorf,Schleswig-Holstein
Sieghard Knodel,Herr,,sieghard.knodel@bundestag.de,fraktionslos,,,Sieghard,Knodel,Baden-Württemberg
Axel Knoerig,Herr,33 - Diepholz – Nienburg I,axel.knoerig@bundestag.de,CDU,33,,Axel,Knoerig,Niedersachsen
Dr. Bärbel Kofler,Frau,224 - Traunstein,baerbel.kofler@bundestag.de,SPD,224,Dr.,Bärbel,Kofler,Bayern
Hans Koller,Herr,228 - Passau,hans.koller@bundestag.de,CSU,228,,Hans,Koller,Bayern
Markus Koob,Herr,175 - Hochtaunus,markus.koob@bundestag.de,CDU,175,,Markus,Koob,Hessen
Chantal Kopf,Frau,281 - Freiburg,chantal.kopf@bundestag.de,GRÜNE,281,,Chantal,Kopf,Baden-Württemberg
Dr. Stefan Korbach,Herr,178 - Wiesbaden,stefan.korbach@bundestag.de,CDU,178,Dr.,Stefan,Korbach,Hessen
Ferat Koçak,Herr,81 - Berlin-Neukölln,ferat.kocak@bundestag.de,DIE LINKE,81,,Ferat,Koçak,Berlin
Anette Kramme,Frau,236 - Bayreuth,anette.kramme@bundestag.de,SPD,236,,Anette,Kramme,Bayern
Dunja Kreiser,Frau,49 - Salzgitter – Wolfenbüttel,dunja.kreiser@bundestag.de,SPD,49,,Dunja,Kreiser,Niedersachsen
Gunther Krichbaum,Herr,279 - Pforzheim,gunther.krichbaum@bundestag.de,CDU,279,,Gunther,Krichbaum,Baden-Württemberg
Lukas Krieger,Herr,79 - Berlin-Charlottenburg-Wilmersdorf,lukas.krieger@bundestag.de,CDU,79,,Lukas,Krieger,Berlin
Dr. Günter Krings,Herr,108 - Mönchengladbach,guenter.krings@bundestag.de,CDU,108,Dr.,Günter,Krings,Nordrhein-Westfalen
Martin Kröber,Herr,69 - Magdeburg,martin.kroeber@bundestag.de,SPD,69,,Martin,Kröber,Sachsen-Anhalt
Tilman Kuban,Herr,47 - Hannover-Land II,tilman.kuban@bundestag.de,CDU,47,,Tilman,Kuban,Niedersachsen
Cansin Köktürk,Frau,139 - Bochum I,cansin.koektuerk@bundestag.de,DIE LINKE,139,,Cansin,Köktürk,Nordrhein-Westfalen
Daniel Kölbl,Herr,7 - Pinneberg,daniel.koelbl@bundestag.de,CDU,7,,Daniel,Kölbl,Schleswig-Holstein
Anne König,Frau,125 - Borken II,anne.koenig@bundestag.de,CDU,125,,Anne,König,Nordrhein-Westfalen
Carsten Körber,Herr,164 - Zwickau,carsten.koerber@bundestag.de,CDU,164,,Carsten,Körber,Sachsen
Dr. Konrad Körner,Herr,241 - Erlangen,konrad.koerner@bundestag.de,CSU,241,Dr.,Konrad,Körner,Bayern
Jan Köstering,Herr,98 - Oberbergischer Kreis,jan.koestering@bundestag.de,DIE LINKE,98,,Jan,Köstering,Nordrhein-Westfalen
Ricarda Lang,Frau,269 - Backnang – Schwäbisch Gmünd,ricarda.lang@bundestag.de,GRÜNE,269,,Ricarda,Lang,Baden-Württemberg
Ulrich Lange,Herr,253 - Donau-Ries,ulrich.lange@bundestag.de,CSU,253,,Ulrich,Lange,Bayern
Armin Laschet,Herr,86 - Aachen I,armin.laschet@bundestag.de,CDU,86,,Armin,Laschet,Nordrhein-Westfalen
Ina Latendorf,Frau,12 - Schwerin – Ludwigslust-Parchim I – Nordwestmecklenburg I,ina.latendorf@bundestag.de,DIE LINKE,12,,Ina,Latendorf,Mecklenburg-Vorpommern
Dr. Silke Launert,Frau,236 - Bayreuth,silke.launert@bundestag.de,CSU,236,Dr.,Silke,Launert,Bayern
Dr. Karl Lauterbach,Herr,100 - Leverkusen – Köln IV,karl.lauterbach@bundestag.de,SPD,100,Dr.,Karl,Lauterbach,Nordrhein-Westfalen
Caren Lay,Frau,155 - Bautzen I,caren.lay@bundestag.de,DIE LINKE,155,,Caren,Lay,Sachsen
Jens Lehmann,Herr,151 - Leipzig I,jens.lehmann@bundestag.de,CDU,151,,Jens,Lehmann,Sachsen
Sven Lehmann,Herr,93 - Köln II,sven.lehmann@bundestag.de,GRÜNE,93,,Sven,Lehmann,Nordrhein-Westfalen
Sonja Lemke,Frau,142 - Dortmund II,sonja.lemke@bundestag.de,DIE LINKE,142,,Sonja,Lemke,Nordrhein-Westfalen
Steffi Lemke,Frau,70 - Anhalt – Dessau – Wittenberg,steffi.lemke@bundestag.de,GRÜNE,70,,Steffi,Lemke,Sachsen-Anhalt
Rebecca Lenhard,Frau,243 - Nürnberg-Nord,rebecca.lenhard@bundestag.de,GRÜNE,243,,Rebecca,Lenhard,Bayern
Dr. Andreas Lenz,Herr,212 - Erding – Ebersberg,andreas.lenz@bundestag.de,CSU,212,Dr.,Andreas,Lenz,Bayern
Esra Limbacher,Herr,299 - Homburg,esra.limbacher@bundestag.de,SPD,299,,Esra,Limbacher,Saarland
Helge Limburg,Herr,46 - Hameln-Pyrmont – Holzminden,helge.limburg@bundestag.de,GRÜNE,46,,Helge,Limburg,Niedersachsen
Helge Lindh,Herr,101 - Wuppertal I,helge.lindh@bundestag.de,SPD,101,,Helge,Lindh,Nordrhein-Westfalen
Andrea Lindholz,Frau,246 - Aschaffenburg,andrea.lindholz@bundestag.de,CSU,246,,Andrea,Lindholz,Bayern
Dr. Carsten Linnemann,Herr,136 - Paderborn,carsten.linnemann@bundestag.de,CDU,136,Dr.,Carsten,Linnemann,Nordrhein-Westfalen
Patricia Lips,Frau,186 - Odenwald,patricia.lips@bundestag.de,CDU,186,,Patricia,Lips,Hessen
Denise Loop,Frau,2 - Nordfriesland – Dithmarschen Nord,denise.loop@bundestag.de,GRÜNE,2,,Denise,Loop,Schleswig-Holstein
Max Lucks,Herr,139 - Bochum I,max.lucks@bundestag.de,GRÜNE,139,,Max,Lucks,Nordrhein-Westfalen
Dr. Jan-Marco Luczak,Herr,80 - Berlin-Tempelhof-Schöneberg,jan-marco.luczak@bundestag.de,CDU,80,Dr.,Jan-Marco,Luczak,Berlin
Dr. Saskia Ludwig,Frau,60 - BRB a.d.Havel– Potsdam-MittelmarkI –HVL III–Teltow-Fläming I,saskia.ludwig@bundestag.de,CDU,60,Dr.,Saskia,Ludwig,Brandenburg
Bettina Lugk,Frau,149 - Märkischer Kreis II,bettina.lugk@bundestag.de,SPD,149,,Bettina,Lugk,Nordrhein-Westfalen
Dr. Andrea Lübcke,Frau,62 - Dahme-Spreewald – Teltow-Fläming III,andrea.luebcke@bundestag.de,GRÜNE,62,Dr.,Andrea,Lübcke,Brandenburg
Dr. Anna Lührmann,Frau,180 - Main-Taunus,anna.luehrmann@bundestag.de,GRÜNE,180,Dr.,Anna,Lührmann,Hessen
Dr. Tanja Machalet,Frau,203 - Montabaur,tanja.machalet@bundestag.de,SPD,203,Dr.,Tanja,Machalet,Rheinland-Pfalz
Klaus Mack,Herr,280 - Calw,klaus.mack@bundestag.de,CDU,280,,Klaus,Mack,Baden-Württemberg
Isabel Mackensen,Frau,207 - Neustadt – Speyer,isabel.mackensen@bundestag.de,SPD,207,,Isabel,Mackensen,Rheinland-Pfalz
Agnes Malczak,Frau,294 - Ravensburg,agnes.malczak@bundestag.de,GRÜNE,294,,Agnes,Malczak,Baden-Württemberg
David Mandrella,Herr,231 - Amberg,david.mandrella@bundestag.de,SPD,231,,David,Mandrella,Bayern
Holger Mann,Herr,151 - Leipzig I,holger.mann@bundestag.de,SPD,151,,Holger,Mann,Sachsen
Dorothee Mantel,Frau,247 - Bad Kissingen,dorothee.mantel@bundestag.de,CSU,247,,Dorothee,Mantel,Bayern
Parsa Marvi,Herr,271 - Karlsruhe-Stadt,parsa.marvi@bundestag.de,SPD,271,,Parsa,Marvi,Baden-Württemberg
Katja Mast,Frau,279 - Pforzheim,katja.mast@bundestag.de,SPD,279,,Katja,Mast,Baden-Württemberg
Andreas Mattfeldt,Herr,34 - Osterholz – Verden,andreas.mattfeldt@bundestag.de,CDU,34,,Andreas,Mattfeldt,Niedersachsen
Stephan Mayer,Herr,211 - Altötting,stephan.mayer@bundestag.de,CSU,211,,Stephan,Mayer,Bayern
Dr. Zoe Mayer,Frau,271 - Karlsruhe-Stadt,zoe.mayer@bundestag.de,GRÜNE,271,Dr.,Zoe,Mayer,Baden-Württemberg
Volker Mayer-Lay,Herr,293 - Bodensee,volker.mayer-lay@bundestag.de,CDU,293,,Volker,Mayer-Lay,Baden-Württemberg
Tamara Mazzi,Frau,5 - Kiel,tamara.mazzi@bundestag.de,DIE LINKE,5,,Tamara,Mazzi,Schleswig-Holstein
Pascal Meiser,Herr,82 - Berlin-Friedrichshain-Kreuzberg – Prenzlauer Berg Ost,pascal.meiser@bundestag.de,DIE LINKE,82,,Pascal,Meiser,Berlin
Dr. Michael Meister,Herr,187 - Bergstraße,michael.meister@bundestag.de,CDU,187,Dr.,Michael,Meister,Hessen
Stella Merendino,Frau,74 - Berlin-Mitte,stella.merendino@bundestag.de,DIE LINKE,74,,Stella,Merendino,Berlin
Friedrich Merz,Herr,146 - Hochsauerlandkreis,friedrich.merz@bundestag.de,CDU,146,,Friedrich,Merz,Nordrhein-Westfalen
Jan Metzler,Herr,205 - Worms,jan.metzler@bundestag.de,CDU,205,,Jan,Metzler,Rheinland-Pfalz
Swantje Henrike Michaelsen,Frau,42 - Stadt Hannover II,swantje.michaelsen@bundestag.de,GRÜNE,42,,Swantje Henrike,Michaelsen,Niedersachsen
Kathrin Michel,Frau,155 - Bautzen I,kathrin.michel@bundestag.de,SPD,155,,Kathrin,Michel,Sachsen
Dr. Mathias Middelberg,Herr,39 - Stadt Osnabrück,mathias.middelberg@bundestag.de,CDU,39,Dr.,Mathias,Middelberg,Niedersachsen
Dr. Matthias Miersch,Herr,47 - Hannover-Land II,matthias.miersch@bundestag.de,SPD,47,Dr.,Matthias,Miersch,Niedersachsen
Matthias David Mieves,Herr,208 - Kaiserslautern,matthias.mieves@bundestag.de,SPD,208,,Matthias David,Mieves,Rheinland-Pfalz
Dr. Irene Mihalic,Frau,122 - Gelsenkirchen,irene.mihalic@bundestag.de,GRÜNE,122,Dr.,Irene,Mihalic,Nordrhein-Westfalen
Boris Mijatović,Herr,167 - Kassel,boris.mijatovic@bundestag.de,GRÜNE,167,,Boris,Mijatović,Hessen
Sahra Mirow,Frau,274 - Heidelberg,sahra.mirow@bundestag.de,DIE LINKE,274,,Sahra,Mirow,Baden-Württemberg
Claudia Moll,Frau,87 - Aachen II,claudia.moll@bundestag.de,SPD,87,,Claudia,Moll,Nordrhein-Westfalen
Christian Moser,Herr,213 - Freising,christian.moser@bundestag.de,CSU,213,,Christian,Moser,Bayern
Siemtje Möller,Frau,26 - Friesland – Wilhelmshaven – Wittmund,siemtje.moeller@bundestag.de,SPD,26,,Siemtje,Möller,Niedersachsen
Axel Müller,Herr,294 - Ravensburg,axel.mueller@bundestag.de,CDU,294,,Axel,Müller,Baden-Württemberg
Carsten Müller,Herr,50 - Braunschweig,carsten.mueller@bundestag.de,CDU,50,,Carsten,Müller,Niedersachsen
Claudia Müller,Frau,15 - Vorpommern-Rügen – Vorpommern-Greifswald I,claudia.mueller@bundestag.de,GRÜNE,15,,Claudia,Müller,Mecklenburg-Vorpommern
Florian Müller,Herr,148 - Olpe – Märkischer Kreis I,florian.mueller@bundestag.de,CDU,148,,Florian,Müller,Nordrhein-Westfalen
Sascha Müller,Herr,244 - Nürnberg-Süd,sascha.mueller@bundestag.de,GRÜNE,244,,Sascha,Müller,Bayern
Sepp Müller,Herr,70 - Anhalt – Dessau – Wittenberg,sepp.mueller@bundestag.de,CDU,70,,Sepp,Müller,Sachsen-Anhalt
Dr. Rolf Mützenich,Herr,94 - Köln III,rolf.muetzenich@bundestag.de,SPD,94,Dr.,Rolf,Mützenich,Nordrhein-Westfalen
Dr. Stefan Nacke,Herr,128 - Münster,stefan.nacke@bundestag.de,CDU,128,Dr.,Stefan,Nacke,Nordrhein-Westfalen
Sara Nanni,Frau,106 - Düsseldorf II,sara.nanni@bundestag.de,GRÜNE,106,,Sara,Nanni,Nordrhein-Westfalen
Christoph Naser,Herr,290 - Tübingen,christoph.naser@bundestag.de,CDU,290,,Christoph,Naser,Baden-Württemberg
Rasha Nasr,Frau,158 - Dresden I,rasha.nasr@bundestag.de,SPD,158,,Rasha,Nasr,Sachsen
Charlotte Antonia Neuhäuser,Frau,136 - Paderborn,charlotte.neuhaeuser@bundestag.de,DIE LINKE,136,,Charlotte Antonia,Neuhäuser,Nordrhein-Westfalen
Dr. Ophelia Nick,Frau,104 - Mettmann II,ophelia.nick@bundestag.de,GRÜNE,104,Dr.,Ophelia,Nick,Nordrhein-Westfalen
Dr. Konstantin von Notz,Herr,10 - Herzogtum Lauenburg – Stormarn-Süd,konstantin.notz@bundestag.de,GRÜNE,10,Dr.,Konstantin von,Notz,Schleswig-Holstein
Omid Nouripour,Herr,182 - Frankfurt am Main II,omid.nouripour@bundestag.de,GRÜNE,182,,Omid,Nouripour,Hessen
Wilfried Oellers,Herr,88 - Heinsberg,wilfried.oellers@bundestag.de,CDU,88,,Wilfried,Oellers,Nordrhein-Westfalen
Florian Oest,Herr,156 - Görlitz,florian.oest@bundestag.de,CDU,156,,Florian,Oest,Sachsen
Harald Orthey,Herr,203 - Montabaur,harald.orthey@bundestag.de,CDU,203,,Harald,Orthey,Rheinland-Pfalz
Josephine Ortleb,Frau,296 - Saarbrücken,josephine.ortleb@bundestag.de,SPD,296,,Josephine,Ortleb,Saarland
Josef Oster,Herr,198 - Koblenz,josef.oster@bundestag.de,CDU,198,,Josef,Oster,Rheinland-Pfalz
Henning Otte,Herr,44 - Celle – Uelzen,henning.otte@bundestag.de,CDU,44,,Henning,Otte,Niedersachsen
Karoline Otte,Frau,52 - Goslar – Northeim – Göttingen II,karoline.otte@bundestag.de,GRÜNE,52,,Karoline,Otte,Niedersachsen
Florian Oßner,Herr,227 - Landshut,florian.ossner@bundestag.de,CSU,227,,Florian,Oßner,Bayern
Dr. Christos Pantazis,Herr,50 - Braunschweig,christos.pantazis@bundestag.de,SPD,50,Dr.,Christos,Pantazis,Niedersachsen
Luigi Pantisano,Herr,258 - Stuttgart I,luigi.pantisano@bundestag.de,DIE LINKE,258,,Luigi,Pantisano,Baden-Württemberg
Dr. Thomas Pauls,Herr,176 - Wetterau I,thomas.pauls@bundestag.de,CDU,176,Dr.,Thomas,Pauls,Hessen
Lisa Paus,Frau,79 - Berlin-Charlottenburg-Wilmersdorf,lisa.paus@bundestag.de,GRÜNE,79,,Lisa,Paus,Berlin
Natalie Pawlik,Frau,176 - Wetterau I,natalie.pawlik@bundestag.de,SPD,176,,Natalie,Pawlik,Hessen
Jens Peick,Herr,141 - Dortmund I,jens.peick@bundestag.de,SPD,141,,Jens,Peick,Nordrhein-Westfalen
Sören Pellmann,Herr,152 - Leipzig II,soeren.pellmann@bundestag.de,DIE LINKE,152,,Sören,Pellmann,Sachsen
Dr. Paula Piechotta,Frau,152 - Leipzig II,paula.piechotta@bundestag.de,GRÜNE,152,Dr.,Paula,Piechotta,Sachsen
Dr. Stephan Pilsinger,Herr,219 - München-West/Mitte,stephan.pilsinger@bundestag.de,CSU,219,Dr.,Stephan,Pilsinger,Bayern
Boris Pistorius,Herr,42 - Stadt Hannover II,boris.pistorius@bundestag.de,SPD,42,,Boris,Pistorius,Niedersachsen
Dr. Christoph Ploß,Herr,21 - Hamburg-Nord,christoph.ploss@bundestag.de,CDU,21,Dr.,Christoph,Ploß,Hamburg
Dr. Martin Plum,Herr,110 - Viersen,martin.plum@bundestag.de,CDU,110,Dr.,Martin,Plum,Nordrhein-Westfalen
Jan-Wilhelm Pohlmann,Herr,166 - Waldeck,jan-wilhelm.pohlmann@bundestag.de,CDU,166,,Jan-Wilhelm,Pohlmann,Hessen
Filiz Polat,Frau,38 - Osnabrück-Land,filiz.polat@bundestag.de,GRÜNE,38,,Filiz,Polat,Niedersachsen
Sabine Poschmann,Frau,142 - Dortmund II,sabine.poschmann@bundestag.de,SPD,142,,Sabine,Poschmann,Nordrhein-Westfalen
Dr. David Preisendanz,Herr,261 - Esslingen,david.preisendanz@bundestag.de,CDU,261,Dr.,David,Preisendanz,Baden-Württemberg
Oliver Pöpsel,Herr,145 - Soest,oliver.poepsel@bundestag.de,CDU,145,,Oliver,Pöpsel,Nordrhein-Westfalen
Daniela Raab,Frau,221 - Rosenheim,daniela.raab@bundestag.de,CSU,221,,Daniela,Raab,Bayern
Martin Rabanus,Herr,177 - Rheingau-Taunus – Limburg,martin.rabanus@bundestag.de,SPD,177,,Martin,Rabanus,Hessen
Thomas Rachel,Herr,89 - Düren,thomas.rachel@bundestag.de,CDU,89,,Thomas,Rachel,Nordrhein-Westfalen
Kerstin Radomski,Frau,113 - Krefeld II – Wesel II,kerstin.radomski@bundestag.de,CDU,113,,Kerstin,Radomski,Nordrhein-Westfalen
Alexander Radwan,Herr,222 - Bad Tölz-Wolfratshausen – Miesbach,alexander.radwan@bundestag.de,CSU,222,,Alexander,Radwan,Bayern
Alois Rainer,Herr,230 - Straubing,alois.rainer@bundestag.de,CSU,230,,Alois,Rainer,Bayern
Bodo Ramelow,Herr,192 - Erfurt – Weimar – Weimarer Land II,bodo.ramelow@bundestag.de,DIE LINKE,192,,Bodo,Ramelow,Thüringen
Pascal Reddig,Herr,179 - Hanau,pascal.reddig@bundestag.de,CDU,179,,Pascal,Reddig,Hessen
Henning Rehbaum,Herr,129 - Warendorf,henning.rehbaum@bundestag.de,CDU,129,,Henning,Rehbaum,Nordrhein-Westfalen
Truels Reichardt,Herr,2 - Nordfriesland – Dithmarschen Nord,truels.reichardt@bundestag.de,SPD,2,,Truels,Reichardt,Schleswig-Holstein
Dr. Markus Reichel,Herr,158 - Dresden I,markus.reichel@bundestag.de,CDU,158,Dr.,Markus,Reichel,Sachsen
Heidi Reichinnek,Frau,39 - Stadt Osnabrück,heidi.reichinnek@bundestag.de,DIE LINKE,39,,Heidi,Reichinnek,Niedersachsen
Dr. Anja Reinalter,Frau,292 - Biberach,anja.reinalter@bundestag.de,GRÜNE,292,Dr.,Anja,Reinalter,Baden-Württemberg
Lea Reisner,Frau,93 - Köln II,lea.reisner@bundestag.de,DIE LINKE,93,,Lea,Reisner,Nordrhein-Westfalen
Sylvia Rietenberg,Frau,128 - Münster,sylvia.rietenberg@bundestag.de,GRÜNE,128,,Sylvia,Rietenberg,Nordrhein-Westfalen
Daniel Rinkert,Herr,107 - Neuss I,daniel.rinkert@bundestag.de,SPD,107,,Daniel,Rinkert,Nordrhein-Westfalen
Dennis Rohde,Herr,27 - Oldenburg – Ammerland,dennis.rohde@bundestag.de,SPD,27,,Dennis,Rohde,Niedersachsen
Lars Rohwer,Herr,159 - Dresden II – Bautzen II,lars.rohwer@bundestag.de,CDU,159,,Lars,Rohwer,Sachsen
Sebastian Roloff,Herr,218 - München-Süd,sebastian.roloff@bundestag.de,SPD,218,,Sebastian,Roloff,Bayern
Claudia Roth,Frau,251 - Augsburg-Stadt,claudia.roth@bundestag.de,GRÜNE,251,,Claudia,Roth,Bayern
Johannes Rothenberger,Herr,284 - Offenburg,johannes.rothenberger@bundestag.de,CDU,284,,Johannes,Rothenberger,Baden-Württemberg
Dr. Philipp Rottwilm,Herr,169 - Schwalm-Eder,philipp.rottwilm@bundestag.de,SPD,169,Dr.,Philipp,Rottwilm,Hessen
Stefan Rouenhoff,Herr,111 - Kleve,stefan.rouenhoff@bundestag.de,CDU,111,,Stefan,Rouenhoff,Nordrhein-Westfalen
Dr. Thorsten Rudolph,Herr,198 - Koblenz,thorsten.rudolph@bundestag.de,SPD,198,Dr.,Thorsten,Rudolph,Rheinland-Pfalz
Daniela Rump,Frau,48 - Hildesheim,daniela.rump@bundestag.de,SPD,48,,Daniela,Rump,Niedersachsen
Albert Rupprecht,Herr,234 - Weiden,albert.rupprecht@bundestag.de,CSU,234,,Albert,Rupprecht,Bayern
Dr. Norbert Röttgen,Herr,97 - Rhein-Sieg-Kreis II,norbert.roettgen@bundestag.de,CDU,97,Dr.,Norbert,Röttgen,Nordrhein-Westfalen
Thomas Röwekamp,Herr,54 - Bremen I,thomas.roewekamp@bundestag.de,CDU,54,,Thomas,Röwekamp,Bremen
Corinna Rüffer,Frau,202 - Trier,corinna.rueffer@bundestag.de,GRÜNE,202,,Corinna,Rüffer,Rheinland-Pfalz
Bernd Rützel,Herr,248 - Main-Spessart,bernd.ruetzel@bundestag.de,SPD,248,,Bernd,Rützel,Bayern
Johann Saathoff,Herr,24 - Aurich – Emden,johann.saathoff@bundestag.de,SPD,24,,Johann,Saathoff,Niedersachsen
Kassem Taher Saleh,Herr,158 - Dresden I,kassem.tahersaleh@bundestag.de,GRÜNE,158,,Kassem Taher,Saleh,Sachsen
Zada Salihović,Frau,,zada.salihovic@bundestag.de,DIE LINKE,,,Zada,Salihović,Sachsen
Catarina dos Santos Firnhaber,Frau,87 - Aachen II,catarina.santosfirnhaber@bundestag.de,CDU,87,,Catarina dos,Santos Firnhaber,Nordrhein-Westfalen
Carl-Philipp Sassenrath,Herr,107 - Neuss I,carl-philipp.sassenrath@bundestag.de,CDU,107,,Carl-Philipp,Sassenrath,Nordrhein-Westfalen
Ulle Schauws,Frau,113 - Krefeld II – Wesel II,ulle.schauws@bundestag.de,GRÜNE,113,,Ulle,Schauws,Nordrhein-Westfalen
Dr. Nina Scheer,Frau,10 - Herzogtum Lauenburg – Stormarn-Süd,nina.scheer@bundestag.de,SPD,10,Dr.,Nina,Scheer,Schleswig-Holstein
Dr. Christiane Schenderlein,Frau,150 - Nordsachsen,christiane.schenderlein@bundestag.de,CDU,150,Dr.,Christiane,Schenderlein,Sachsen
David Schliesing,Herr,67 - Börde – Salzlandkreis,david.schliesing@bundestag.de,DIE LINKE,67,,David,Schliesing,Sachsen-Anhalt
Christoph Schmid,Herr,253 - Donau-Ries,christoph.schmid@bundestag.de,SPD,253,,Christoph,Schmid,Bayern
Dr. Nils Schmid,Herr,262 - Nürtingen,nils.schmid@bundestag.de,SPD,262,Dr.,Nils,Schmid,Baden-Württemberg
Dagmar Schmidt,Frau,171 - Lahn-Dill,dagmar.schmidt@bundestag.de,SPD,171,,Dagmar,Schmidt,Hessen
Henri Schmidt,Herr,10 - Herzogtum Lauenburg – Stormarn-Süd,henri.schmidt@bundestag.de,CDU,10,,Henri,Schmidt,Schleswig-Holstein
Sebastian Schmidt,Herr,9 - Ostholstein – Stormarn-Nord,sebastian.schmidt@bundestag.de,CDU,9,,Sebastian,Schmidt,Schleswig-Holstein
Stefan Schmidt,Herr,232 - Regensburg,stefan.schmidt@bundestag.de,GRÜNE,232,,Stefan,Schmidt,Bayern
Uwe Schmidt,Herr,55 - Bremen II – Bremerhaven,uwe.schmidt@bundestag.de,SPD,55,,Uwe,Schmidt,Bremen
Ronja Schmitt,Frau,291 - Ulm,ronja.schmitt@bundestag.de,CDU,291,,Ronja,Schmitt,Baden-Württemberg
Carsten Schneider,Herr,192 - Erfurt – Weimar – Weimarer Land II,carsten.schneider@bundestag.de,SPD,192,,Carsten,Schneider,Thüringen
Julia Schneider,Frau,75 - Berlin-Pankow,julia.schneider@bundestag.de,GRÜNE,75,,Julia,Schneider,Berlin
Patrick Schnieder,Herr,201 - Bitburg,patrick.schnieder@bundestag.de,CDU,201,,Patrick,Schnieder,Rheinland-Pfalz
Olaf Scholz,Herr,61 - Potsdam – Potsdam-Mittelmark II – Teltow-Fläming II,olaf.scholz@bundestag.de,SPD,61,,Olaf,Scholz,Brandenburg
Johannes Schraps,Herr,46 - Hameln-Pyrmont – Holzminden,johannes.schraps@bundestag.de,SPD,46,,Johannes,Schraps,Niedersachsen
Felix Schreiner,Herr,288 - Waldshut,felix.schreiner@bundestag.de,CDU,288,,Felix,Schreiner,Baden-Württemberg
Michael Schrodi,Herr,214 - Fürstenfeldbruck,michael.schrodi@bundestag.de,SPD,214,,Michael,Schrodi,Bayern
Lisa Schubert,Sehr geehrte*r,106 - Düsseldorf II,lisa.schubert@bundestag.de,DIE LINKE,106,,Lisa,Schubert,Nordrhein-Westfalen
Marvin Schulz,Herr,76 - Berlin-Reinickendorf,marvin.schulz@bundestag.de,CDU,76,,Marvin,Schulz,Berlin
Svenja Schulze,Frau,128 - Münster,svenja.schulze@bundestag.de,SPD,128,,Svenja,Schulze,Nordrhein-Westfalen
Frank Schwabe,Herr,120 - Recklinghausen I,frank.schwabe@bundestag.de,SPD,120,,Frank,Schwabe,Nordrhein-Westfalen
Stefan Schwartze,Herr,132 - Herford – Minden-Lübbecke II,stefan.schwartze@bundestag.de,SPD,132,,Stefan,Schwartze,Nordrhein-Westfalen
Andreas Schwarz,Herr,235 - Bamberg,andreas.schwarz@bundestag.de,SPD,235,,Andreas,Schwarz,Bayern
Rita Schwarzelühr-Sutter,Frau,288 - Waldshut,rita.schwarzeluehr-sutter@bundestag.de,SPD,288,,Rita,Schwarzelühr-Sutter,Baden-Württemberg
Ines Schwerdtner,Frau,85 - Berlin-Lichtenberg,ines.schwerdtner@bundestag.de,DIE LINKE,85,,Ines,Schwerdtner,Berlin
Jamila Schäfer,Frau,218 - München-Süd,jamila.schaefer@bundestag.de,GRÜNE,218,,Jamila,Schäfer,Bayern
Dr. Sebastian Schäfer,Herr,261 - Esslingen,sebastian.schaefer@bundestag.de,GRÜNE,261,Dr.,Sebastian,Schäfer,Baden-Württemberg
Johannes Schätzl,Herr,228 - Passau,johannes.schaetzl@bundestag.de,SPD,228,,Johannes,Schätzl,Bayern
Marlene Schönberger,Frau,229 - Rottal-Inn,marlene.schoenberger@bundestag.de,GRÜNE,229,,Marlene,Schönberger,Bayern
Evelyn Schötz,Frau,245 - Roth,evelyn.schoetz@bundestag.de,DIE LINKE,245,,Evelyn,Schötz,Bayern
Stefan Seidler,Herr,1 - Flensburg – Schleswig,stefan.seidler@bundestag.de,SSW,1,,Stefan,Seidler,Schleswig-Holstein
Detlef Seif,Herr,91 - Euskirchen – Rhein-Erft-Kreis II,detlef.seif@bundestag.de,CDU,91,,Detlef,Seif,Nordrhein-Westfalen
Nora Seitz,Frau,161 - Chemnitz,nora.seitz@bundestag.de,CDU,161,,Nora,Seitz,Sachsen
Dr. Lina Seitzl,Frau,287 - Konstanz,lina.seitzl@bundestag.de,SPD,287,Dr.,Lina,Seitzl,Baden-Württemberg
Thomas Silberhorn,Herr,235 - Bamberg,thomas.silberhorn@bundestag.de,CSU,235,,Thomas,Silberhorn,Bayern
Björn Simon,Herr,184 - Offenbach,bjoern.simon@bundestag.de,CDU,184,,Björn,Simon,Hessen
Nyke Slawik,Frau,100 - Leverkusen – Köln IV,nyke.slawik@bundestag.de,GRÜNE,100,,Nyke,Slawik,Nordrhein-Westfalen
Tino Sorge,Herr,69 - Magdeburg,tino.sorge@bundestag.de,CDU,69,,Tino,Sorge,Sachsen-Anhalt
Jens Spahn,Herr,123 - Steinfurt I – Borken I,jens.spahn@bundestag.de,CDU,123,,Jens,Spahn,Nordrhein-Westfalen
Svenja Stadler,Frau,36 - Harburg,svenja.stadler@bundestag.de,SPD,36,,Svenja,Stadler,Niedersachsen
Katrin Staffler,Frau,214 - Fürstenfeldbruck,katrin.staffler@bundestag.de,CSU,214,,Katrin,Staffler,Bayern
Julia-Christina Stange,Frau,205 - Worms,julia-christina.stange@bundestag.de,DIE LINKE,205,,Julia-Christina,Stange,Rheinland-Pfalz
Dr. Till Steffen,Herr,20 - Hamburg-Eimsbüttel,till.steffen@bundestag.de,GRÜNE,20,Dr.,Till,Steffen,Hamburg
Dr. Wolfgang Stefinger,Herr,217 - München-Ost,wolfgang.stefinger@bundestag.de,CSU,217,Dr.,Wolfgang,Stefinger,Bayern
Albert Stegemann,Herr,31 - Mittelems,albert.stegemann@bundestag.de,CDU,31,,Albert,Stegemann,Niedersachsen
Dr. Ralf Stegner,Herr,7 - Pinneberg,ralf.stegner@bundestag.de,SPD,7,Dr.,Ralf,Stegner,Schleswig-Holstein
Sandra Stein,Frau,146 - Hochsauerlandkreis,sandra.stein@bundestag.de,GRÜNE,146,,Sandra,Stein,Nordrhein-Westfalen
Sebastian Steineke,Herr,56 - Prignitz – Ostprignitz-Ruppin – Havelland I,sebastian.steineke@bundestag.de,CDU,56,,Sebastian,Steineke,Brandenburg
Johannes Steiniger,Herr,207 - Neustadt – Speyer,johannes.steiniger@bundestag.de,CDU,207,,Johannes,Steiniger,Rheinland-Pfalz
Hanna Steinmüller,Frau,74 - Berlin-Mitte,hanna.steinmueller@bundestag.de,GRÜNE,74,,Hanna,Steinmüller,Berlin
Christian Frhr. von Stetten,Herr,268 - Schwäbisch Hall – Hohenlohe,christian.stetten@bundestag.de,CDU,268,,Christian Frhr. von,Stetten,Baden-Württemberg
Dieter Stier,Herr,72 - Burgenland – Saalekreis,dieter.stier@bundestag.de,CDU,72,,Dieter,Stier,Sachsen-Anhalt
Stephan Stracke,Herr,257 - Ostallgäu,stephan.stracke@bundestag.de,CSU,257,,Stephan,Stracke,Bayern
Dr. Katja Strauss-Köster,Frau,138 - Ennepe-Ruhr-Kreis II,katja.strauss-koester@bundestag.de,CDU,138,Dr.,Katja,Strauss-Köster,Nordrhein-Westfalen
Dr. Hendrik Streeck,Herr,95 - Bonn,hendrik.streeck@bundestag.de,CDU,95,Dr.,Hendrik,Streeck,Nordrhein-Westfalen
Christina Stumpp,Frau,264 - Waiblingen,christina.stumpp@bundestag.de,CDU,264,,Christina,Stumpp,Baden-Württemberg
Ruppert Stüwe,Herr,78 - Berlin-Steglitz-Zehlendorf,ruppert.stuewe@bundestag.de,SPD,78,,Ruppert,Stüwe,Berlin
Vivian Tauschwitz,Frau,35 - Rotenburg I – Heidekreis,vivian.tauschwitz@bundestag.de,CDU,35,,Vivian,Tauschwitz,Niedersachsen
Awet Tesfaiesus,Frau,168 - Werra-Meißner – Hersfeld-Rotenburg,awet.tesfaiesus@bundestag.de,GRÜNE,168,,Awet,Tesfaiesus,Hessen
Roland Theis,Herr,298 - St. Wendel,roland.theis@bundestag.de,CDU,298,,Roland,Theis,Saarland
Dr. Hans Theiss,Herr,216 - München-Nord,hans.theiss@bundestag.de,CSU,216,Dr.,Hans,Theiss,Bayern
Michael Thews,Herr,144 - Hamm – Unna II,michael.thews@bundestag.de,SPD,144,,Michael,Thews,Nordrhein-Westfalen
Ulrich Thoden,Herr,127 - Steinfurt III,ulrich.thoden@bundestag.de,DIE LINKE,127,,Ulrich,Thoden,Nordrhein-Westfalen
Alexander Throm,Herr,267 - Heilbronn,alexander.throm@bundestag.de,CDU,267,,Alexander,Throm,Baden-Württemberg
Astrid Timmermann-Fechter,Frau,117 - Mülheim – Essen I,astrid.timmermann-fechter@bundestag.de,CDU,117,,Astrid,Timmermann-Fechter,Nordrhein-Westfalen
Gerhard Trabert,Herr,204 - Mainz,gerhard.trabert@bundestag.de,fraktionslos,204,,Gerhard,Trabert,Rheinland-Pfalz
Anja Troff-Schaffarzyk,Frau,25 - Unterems,anja.troff-schaffarzyk@bundestag.de,SPD,25,,Anja,Troff-Schaffarzyk,Niedersachsen
Carsten Träger,Herr,242 - Fürth,carsten.traeger@bundestag.de,SPD,242,,Carsten,Träger,Bayern
Markus Töns,Herr,122 - Gelsenkirchen,markus.toens@bundestag.de,SPD,122,,Markus,Töns,Nordrhein-Westfalen
Derya Türk-Nachbaur,Frau,286 - Schwarzwald-Baar,derya.tuerk-nachbaur@bundestag.de,SPD,286,,Derya,Türk-Nachbaur,Baden-Württemberg
Katrin Uhlig,Frau,95 - Bonn,katrin.uhlig@bundestag.de,GRÜNE,95,,Katrin,Uhlig,Nordrhein-Westfalen
Aaron Valent,Herr,250 - Würzburg,aaron.valent@bundestag.de,DIE LINKE,250,,Aaron,Valent,Bayern
Isabelle Vandre,Frau,61 - Potsdam – Potsdam-Mittelmark II – Teltow-Fläming II,isabelle.vandre@bundestag.de,DIE LINKE,61,,Isabelle,Vandre,Brandenburg
Dr. Julia Verlinden,Frau,37 - Lüchow-Dannenberg – Lüneburg,julia.verlinden@bundestag.de,GRÜNE,37,Dr.,Julia,Verlinden,Niedersachsen
Kerstin Vieregge,Frau,134 - Lippe I,kerstin.vieregge@bundestag.de,CDU,134,,Kerstin,Vieregge,Nordrhein-Westfalen
Ingo Vogel,Herr,118 - Essen II,ingo.vogel@bundestag.de,SPD,118,,Ingo,Vogel,Nordrhein-Westfalen
Dr. Oliver Vogt,Herr,133 - Minden-Lübbecke I,oliver.vogt@bundestag.de,CDU,133,Dr.,Oliver,Vogt,Nordrhein-Westfalen
Donata Vogtschmidt,Frau,188 - Eichsfeld – Nordhausen – Kyffhäuserkreis,donata.vogtschmidt@bundestag.de,DIE LINKE,188,,Donata,Vogtschmidt,Thüringen
Johannes Volkmann,Herr,171 - Lahn-Dill,johannes.volkmann@bundestag.de,CDU,171,,Johannes,Volkmann,Hessen
Sarah Vollath,Frau,215 - Ingolstadt,sarah.vollath@bundestag.de,DIE LINKE,215,,Sarah,Vollath,Bayern
Christoph de Vries,Herr,18 - Hamburg-Mitte,christoph.vries@bundestag.de,CDU,18,,Christoph de,Vries,Hamburg
Mayra Vriesema,Frau,,mayra.vriesema@bundestag.de,GRÜNE,,,Mayra,Vriesema,Schleswig-Holstein
Marja-Liisa Völlers,Frau,40 - Nienburg II – Schaumburg,marja-liisa.voellers@bundestag.de,SPD,40,,Marja-Liisa,Völlers,Niedersachsen
Dirk Vöpel,Herr,116 - Oberhausen – Wesel III,dirk.voepel@bundestag.de,SPD,116,,Dirk,Vöpel,Nordrhein-Westfalen
Dr. Johann Wadephul,Herr,4 - Rendsburg-Eckernförde,johann.wadephul@bundestag.de,CDU,4,Dr.,Johann,Wadephul,Schleswig-Holstein
Niklas Wagener,Herr,246 - Aschaffenburg,niklas.wagener@bundestag.de,GRÜNE,246,,Niklas,Wagener,Bayern
Robin Wagener,Herr,134 - Lippe I,robin.wagener@bundestag.de,GRÜNE,134,,Robin,Wagener,Nordrhein-Westfalen
Dr. Carolin Wagner,Frau,232 - Regensburg,carolin.wagner@bundestag.de,SPD,232,Dr.,Carolin,Wagner,Bayern
Johannes Wagner,Herr,237 - Coburg,johannes.wagner@bundestag.de,GRÜNE,237,,Johannes,Wagner,Bayern
Sascha Wagner,Herr,116 - Oberhausen – Wesel III,sascha.wagner@bundestag.de,DIE LINKE,116,,Sascha,Wagner,Nordrhein-Westfalen
Siegfried Walch,Herr,224 - Traunstein,siegfried.walch@bundestag.de,CSU,224,,Siegfried,Walch,Bayern
Maja Wallstein,Frau,64 - Cottbus – Spree-Neiße,maja.wallstein@bundestag.de,SPD,64,,Maja,Wallstein,Brandenburg
Daniel Walter,Herr,89 - Düren,daniel.walter@bundestag.de,SPD,89,,Daniel,Walter,Nordrhein-Westfalen
Nina Warken,Frau,276 - Odenwald – Tauber,nina.warken@bundestag.de,CDU,276,,Nina,Warken,Baden-Württemberg
Carmen Wegge,Frau,223 - Starnberg – Landsberg am Lech,carmen.wegge@bundestag.de,SPD,223,,Carmen,Wegge,Bayern
Dr. Anja Weisgerber,Frau,249 - Schweinfurt,anja.weisgerber@bundestag.de,CSU,249,Dr.,Anja,Weisgerber,Bayern
Dr. Maria-Lena Weiss,Frau,285 - Rottweil – Tuttlingen,maria-lena.weiss@bundestag.de,CDU,285,Dr.,Maria-Lena,Weiss,Baden-Württemberg
Kai Whittaker,Herr,273 - Rastatt,kai.whittaker@bundestag.de,CDU,273,,Kai,Whittaker,Baden-Württemberg
Johannes Wiegelmann,Herr,174 - Main-Kinzig – Wetterau II – Schotten,johannes.wiegelmann@bundestag.de,CDU,174,,Johannes,Wiegelmann,Hessen
Dr. Klaus Wiener,Herr,103 - Mettmann I,klaus.wiener@bundestag.de,CDU,103,Dr.,Klaus,Wiener,Nordrhein-Westfalen
Dirk Wiese,Herr,146 - Hochsauerlandkreis,dirk.wiese@bundestag.de,SPD,146,,Dirk,Wiese,Nordrhein-Westfalen
Christin Willnat,Frau,60 - BRB a.d.Havel– Potsdam-MittelmarkI –HVL III–Teltow-Fläming I,christin.willnat@bundestag.de,DIE LINKE,60,,Christin,Willnat,Brandenburg
Klaus-Peter Willsch,Herr,177 - Rheingau-Taunus – Limburg,klaus-peter.willsch@bundestag.de,CDU,177,,Klaus-Peter,Willsch,Hessen
Johannes Winkel,Herr,106 - Düsseldorf II,johannes.winkel@bundestag.de,CDU,106,,Johannes,Winkel,Nordrhein-Westfalen
Elisabeth Winkelmeier-Becker,Frau,96 - Rhein-Sieg-Kreis I,elisabeth.winkelmeier-becker@bundestag.de,CDU,96,,Elisabeth,Winkelmeier-Becker,Nordrhein-Westfalen
Tobias Winkler,Herr,242 - Fürth,tobias.winkler@bundestag.de,CSU,242,,Tobias,Winkler,Bayern
Tina Winklmann,Frau,233 - Schwandorf,tina.winklmann@bundestag.de,GRÜNE,233,,Tina,Winklmann,Bayern
Janine Wissler,Frau,181 - Frankfurt am Main I,janine.wissler@bundestag.de,DIE LINKE,181,,Janine,Wissler,Hessen
Mechthilde Wittmann,Frau,256 - Oberallgäu,mechthilde.wittmann@bundestag.de,CSU,256,,Mechthilde,Wittmann,Bayern
Mareike Lotte Wulf,Frau,46 - Hameln-Pyrmont – Holzminden,mareike.wulf@bundestag.de,CDU,46,,Mareike Lotte,Wulf,Niedersachsen
Serdar Yüksel,Herr,139 - Bochum I,serdar.yueksel@bundestag.de,SPD,139,,Serdar,Yüksel,Nordrhein-Westfalen
Anne Zerr,Frau,289 - Reutlingen,anne.zerr@bundestag.de,DIE LINKE,289,,Anne,Zerr,Baden-Württemberg
Emmi Zeulner,Frau,239 - Kulmbach,emmi.zeulner@bundestag.de,CSU,239,,Emmi,Zeulner,Bayern
Paul Ziemiak,Herr,149 - Märkischer Kreis II,paul.ziemiak@bundestag.de,CDU,149,,Paul,Ziemiak,Nordrhein-Westfalen
Stefan Zierke,Herr,57 - Uckermark – Barnim I,stefan.zierke@bundestag.de,SPD,57,,Stefan,Zierke,Brandenburg
Nicolas Zippelius,Herr,272 - Karlsruhe-Land,nicolas.zippelius@bundestag.de,CDU,272,,Nicolas,Zippelius,Baden-Württemberg
Vanessa Zobel,Frau,30 - Stade I – Rotenburg II,vanessa.zobel@bundestag.de,CDU,30,,Vanessa,Zobel,Niedersachsen
Armand Zorn,Herr,181 - Frankfurt am Main I,armand.zorn@bundestag.de,SPD,181,,Armand,Zorn,Hessen
Cansu Özdemir,Frau,,cansu.oezdemir@bundestag.de,DIE LINKE,,,Cansu,Özdemir,Hamburg
Mahmut Özdemir,Herr,115 - Duisburg II,mahmut.oezdemir@bundestag.de,SPD,115,,Mahmut,Özdemir,Nordrhein-Westfalen
Aydan Özoğuz,Frau,22 - Hamburg-Wandsbek,aydan.oezoguz@bundestag.de,SPD,22,,Aydan,Özoğuz,Hamburg
